{
  "cameras": {
    "cam1": {
      "model": "standard",
      "image_size": [
        2880,
        1612
      ],
      "K": [
        [
          48396.42813690185,
          0.0,
          1439.4967893921291
        ],
        [
          0.0,
          47060.32894140636,
          805.495128297499
        ],
        [
          0.0,
          0.0,
          1.0
        ]
      ],
      "dist": [
        [
          -4.6339291204783954,
          25826.098492316403,
          0.0024858664808439642,
          0.0027983858493443228,
          1.0384503432254714e-09
        ]
      ]
    },
    "cam2": {
      "model": "standard",
      "image_size": [
        2880,
        1614
      ],
      "K": [
        [
          50138.167000657726,
          0.0,
          1439.4963634255762
        ],
        [
          0.0,
          48720.482232090515,
          806.5003578832369
        ],
        [
          0.0,
          0.0,
          1.0
        ]
      ],
      "dist": [
        [
          -1.1605965992101839,
          1349.9739703796542,
          -0.007232664382742713,
          -0.00157705512714042,
          -2.2376594269106482e-08
        ]
      ]
    }
  },
  "camera_poses": {
    "cam1": {
      "R": [
        [
          1.0,
          0.0,
          0.0
        ],
        [
          0.0,
          1.0,
          0.0
        ],
        [
          0.0,
          0.0,
          1.0
        ]
      ],
      "T": [
        0.0,
        0.0,
        0.0
      ]
    },
    "cam2_to_cam1": {
      "R": [
        [
          0.9999360365005319,
          -8.637491495623473e-05,
          0.011309971130854472
        ],
        [
          8.233610037411744e-06,
          0.9999761330419978,
          0.006908927455145772
        ],
        [
          -0.011310297954269863,
          -0.0069083924140763454,
          0.9999121717803212
        ]
      ],
      "T": [
        -0.36048531382167204,
        -0.5173526244640851,
        1.1316361499032175
      ]
    }
  },
  "image_sets": {
    "rgb": [
      {
        "cam1": "./cam1/image1.png",
        "cam2": "./cam2/image1.png"
      }
    ]
  }
}