{
  "cameras": {
    "cam1": {
      "model": "standard",
      "image_size": [
        1440,
        808
      ],
      "K": [
        [
          668.839980748091,
          0.0,
          719.5036707103653
        ],
        [
          0.0,
          131.50002845267758,
          276.02784860750694
        ],
        [
          0.0,
          0.0,
          1.0
        ]
      ],
      "dist": [
        [
          -0.004730238102724697,
          -0.00044072805424112736,
          0.02686377678904655,
          -0.0015252733835959325,
          1.8925059944819605e-05
        ]
      ]
    },
    "cam2": {
      "model": "standard",
      "image_size": [
        1440,
        804
      ],
      "K": [
        [
          264.89722644206444,
          0.0,
          691.5537586821071
        ],
        [
          0.0,
          186.14738495028487,
          435.56412753299884
        ],
        [
          0.0,
          0.0,
          1.0
        ]
      ],
      "dist": [
        [
          -0.008576941741289144,
          0.01405657011955576,
          -0.002959672842500785,
          -0.0013384484640466781,
          -0.0046898552011462565
        ]
      ]
    }
  },
  "camera_poses": {
    "cam1": {
      "R": [
        [
          1.0,
          6.960263429767157e-35,
          0.0
        ],
        [
          -2.337452924155419e-35,
          1.0,
          0.0
        ],
        [
          0.0,
          0.0,
          1.0
        ]
      ],
      "T": [
        0.0,
        0.0,
        0.0
      ]
    },
    "cam2_to_cam1": {
      "R": [
        [
          -0.9883934426840169,
          -0.055911383021176646,
          0.14125268035650093
        ],
        [
          0.14360547131048,
          -0.040555934205923475,
          0.9888036634288828
        ],
        [
          -0.04955674594776636,
          0.9976117147715055,
          0.048114399941436015
        ]
      ],
      "T": [
        -0.009407009763302835,
        -0.6862649691378344,
        -1.1017637038433712
      ]
    }
  },
  "image_sets": {
    "rgb": [
      {
        "cam1": "./cam1/image.png",
        "cam2": "./cam2/image.png"
      }
    ]
  }
}