{
  "cameras": {
    "cam1": {
      "model": "standard",
      "image_size": [
        1440,
        812
      ],
      "K": [
        [
          752.3741043943838,
          0.0,
          598.1373945551453
        ],
        [
          0.0,
          694.9758194844806,
          512.0058248390728
        ],
        [
          0.0,
          0.0,
          1.0
        ]
      ],
      "dist": [
        [
          0.8263889621761398,
          -5.826239719830052,
          -0.02780668708161726,
          -0.04662353733302939,
          13.086371337602381
        ]
      ]
    },
    "cam2": {
      "model": "standard",
      "image_size": [
        1440,
        802
      ],
      "K": [
        [
          698.5229024186063,
          0.0,
          703.8939001091522
        ],
        [
          0.0,
          340.2940611014901,
          251.72625678493552
        ],
        [
          0.0,
          0.0,
          1.0
        ]
      ],
      "dist": [
        [
          0.28143000845913274,
          -0.16835482761198706,
          -0.049987589776389195,
          -0.009299819673737409,
          0.03958357263121703
        ]
      ]
    }
  },
  "camera_poses": {
    "cam1": {
      "R": [
        [
          1.0,
          -7.723130409447386e-35,
          -1.0860383113513213e-33
        ],
        [
          -6.441172543152496e-35,
          1.0,
          -3.3079780004603104e-34
        ],
        [
          6.923142470902309e-34,
          -8.583522723431657e-34,
          1.0
        ]
      ],
      "T": [
        -1.5071809236090768e-50,
        0.0,
        3.0814879110195774e-33
      ]
    },
    "cam2_to_cam1": {
      "R": [
        [
          -0.9036042409044869,
          -0.1892549364736159,
          0.3842940863971155
        ],
        [
          0.04506526716474524,
          0.8501348535810546,
          0.5246330645528251
        ],
        [
          -0.42599119417518044,
          0.49137897772196776,
          -0.759656634762126
        ]
      ],
      "T": [
        -0.18861232025434294,
        0.27497522881780134,
        1.250119056577229
      ]
    }
  },
  "image_sets": {
    "rgb": [
      {
        "cam1": "./cam1/image.png",
        "cam2": "./cam2/image.png"
      }
    ]
  }
}