{
  "cameras": {
    "cam1": {
      "model": "standard",
      "image_size": [
        1252,
        960
      ],
      "K": [
        [
          31057.338466648966,
          0.0,
          625.5413300921654
        ],
        [
          0.0,
          31949.17053373736,
          479.4844800880869
        ],
        [
          0.0,
          0.0,
          1.0
        ]
      ],
      "dist": [
        [
          -4.079565835619114,
          6645.407900656768,
          0.008602103784255494,
          -0.013130504401548532,
          -2.83238716019708e-06
        ]
      ]
    },
    "cam2": {
      "model": "standard",
      "image_size": [
        984,
        1028
      ],
      "K": [
        [
          15573.705638080255,
          0.0,
          491.5334141327225
        ],
        [
          0.0,
          16026.309461777713,
          513.5271096183441
        ],
        [
          0.0,
          0.0,
          1.0
        ]
      ],
      "dist": [
        [
          1.7449603058093142,
          -1683.739489872073,
          0.005555048134088647,
          -0.00485033681178252,
          623705.5493228866
        ]
      ]
    }
  },
  "camera_poses": {
    "cam1": {
      "R": [
        [
          1.0,
          -7.211291360532153e-47,
          0.0
        ],
        [
          9.010909475930862e-46,
          1.0,
          0.0
        ],
        [
          0.0,
          0.0,
          1.0
        ]
      ],
      "T": [
        -6.108201374621023e-68,
        0.0,
        0.0
      ]
    },
    "cam2_to_cam1": {
      "R": [
        [
          0.9998934437428123,
          -0.00011221186581882426,
          -0.014597553515454548
        ],
        [
          0.0005208765737180777,
          0.9996079376608835,
          0.027994636146053263
        ],
        [
          0.014588689034123036,
          -0.027999256666064003,
          0.9995014816289236
        ]
      ],
      "T": [
        0.9537333182122276,
        -1.0020545177757707,
        -16.799716942477307
      ]
    }
  },
  "image_sets": {
    "rgb": [
      {
        "cam1": "./cam1/image.png",
        "cam2": "./cam2/image.png"
      }
    ]
  }
}