{
  "cameras": {
    "cam1": {
      "model": "standard",
      "image_size": [
        2880,
        1610
      ],
      "K": [
        [
          1015.7999624147736,
          0.0,
          3952.877064632183
        ],
        [
          0.0,
          48503.35681898107,
          182.8167580170791
        ],
        [
          0.0,
          0.0,
          1.0
        ]
      ],
      "dist": [
        [
          -0.12492565580569785,
          -0.12868434122404365,
          0.004287619252307406,
          -0.4119177875334166,
          0.018178715836246705
        ]
      ]
    },
    "cam2": {
      "model": "standard",
      "image_size": [
        2880,
        1610
      ],
      "K": [
        [
          1419.855777179369,
          0.0,
          746.2272026292275
        ],
        [
          0.0,
          49587.81781753638,
          -5920.873911902779
        ],
        [
          0.0,
          0.0,
          1.0
        ]
      ],
      "dist": [
        [
          -1.4790148650690533,
          4.15487320350856,
          -0.36587261257547565,
          -0.17257877911079247,
          -3.3177353912583247
        ]
      ]
    },
    "cam3": {
      "model": "standard",
      "image_size": [
        2880,
        1606
      ],
      "K": [
        [
          472.89282878910075,
          0.0,
          1435.4552065572882
        ],
        [
          0.0,
          2119.934374976294,
          7910.279434346676
        ],
        [
          0.0,
          0.0,
          1.0
        ]
      ],
      "dist": [
        [
          0.4553865506231192,
          0.3380084969891872,
          -0.3327493208467989,
          0.2489127458967083,
          -0.1055230856842867
        ]
      ]
    }
  },
  "camera_poses": {
    "cam1": {
      "R": [
        [
          1.0,
          5.269242795032266e-36,
          0.0
        ],
        [
          1.0873595069395243e-34,
          1.0,
          0.0
        ],
        [
          0.0,
          0.0,
          1.0
        ]
      ],
      "T": [
        0.0,
        -8.552847072295026e-50,
        0.0
      ]
    },
    "cam2_to_cam1": {
      "R": [
        [
          0.7284730379820537,
          0.5214400264064657,
          0.44432795522499163
        ],
        [
          -0.4313895216067581,
          0.8529958185979966,
          -0.29377068285012176
        ],
        [
          -0.5321936805159286,
          0.022325597764872356,
          0.8463282188981714
        ]
      ],
      "T": [
        1.8796674423602227,
        -0.8691038687105778,
        -4.090678217596297
      ]
    },
    "cam3_to_cam1": {
      "R": [
        [
          0.9076991191728778,
          0.10234628013105118,
          0.40694907297611355
        ],
        [
          0.28600789777537505,
          0.5587447727263648,
          -0.778462434136082
        ],
        [
          -0.3070534016468348,
          0.8230003146380321,
          0.4779002936207595
        ]
      ],
      "T": [
        2.1929372233887903,
        2.6008598398204943,
        -1.832574487408502
      ]
    }
  },
  "image_sets": {
    "rgb": [
      {
        "cam1": "./cam1/image.png",
        "cam2": "./cam2/image.png",
        "cam3": "./cam3/image.png"
      }
    ]
  }
}