{
  "cameras": {
    "cam1": {
      "model": "standard",
      "image_size": [
        2880,
        1612
      ],
      "K": [
        [
          50465.00069344647,
          0.0,
          1439.5027353277915
        ],
        [
          0.0,
          49038.51104481445,
          805.5012515597869
        ],
        [
          0.0,
          0.0,
          1.0
        ]
      ],
      "dist": [
        [
          -1.9256800508281045,
          3083.1574546754905,
          -0.00835148346523601,
          0.0002471137137869846,
          -1.8588463750599192e-08
        ]
      ]
    },
    "cam2": {
      "model": "standard",
      "image_size": [
        2880,
        1614
      ],
      "K": [
        [
          51632.45421783827,
          0.0,
          1439.4824870835287
        ],
        [
          0.0,
          50210.713461537605,
          806.4923502600229
        ],
        [
          0.0,
          0.0,
          1.0
        ]
      ],
      "dist": [
        [
          -6.757206827733163,
          27673.255678443467,
          0.007705949543609735,
          0.011761955571902672,
          -3.812633323473918e-09
        ]
      ]
    }
  },
  "camera_poses": {
    "cam1": {
      "R": [
        [
          1.0,
          -1.2905848675010992e-46,
          3.856790005155388e-40
        ],
        [
          -1.4091300421528124e-47,
          1.0,
          -1.7395973911497987e-42
        ],
        [
          2.1321163789728495e-40,
          4.4640022788595294e-40,
          1.0
        ]
      ],
      "T": [
        8.363080204819702e-59,
        0.0,
        0.0
      ]
    },
    "cam2_to_cam1": {
      "R": [
        [
          0.99980572139483,
          2.4216622455199448e-05,
          -0.019710882266364187
        ],
        [
          -0.00015558591405110162,
          0.9999777878391027,
          -0.006663304093149409
        ],
        [
          0.019710283082356332,
          0.006665076291358538,
          0.9997835173170457
        ]
      ],
      "T": [
        0.6487090049082639,
        0.5162930657581968,
        1.0214574575999384
      ]
    }
  },
  "image_sets": {
    "rgb": [
      {
        "cam1": "./cam1/image1.png",
        "cam2": "./cam2/image1.png"
      }
    ]
  }
}