{
  "cameras": {
    "cam1": {
      "model": "standard",
      "image_size": [
        1086,
        784
      ],
      "K": [
        [
          592.6956076641602,
          0.0,
          -98.97396962375353
        ],
        [
          0.0,
          425.1536597276713,
          -2476.822800673555
        ],
        [
          0.0,
          0.0,
          1.0
        ]
      ],
      "dist": [
        [
          -0.0034790991571653075,
          -0.002483491971214986,
          0.13526917072405617,
          0.07173067498136598,
          1.7603565083660827e-05
        ]
      ]
    },
    "cam2": {
      "model": "standard",
      "image_size": [
        590,
        1502
      ],
      "K": [
        [
          8.790498156408486,
          0.0,
          338.7703302503019
        ],
        [
          0.0,
          10.766861061316025,
          1125.7190578854738
        ],
        [
          0.0,
          0.0,
          1.0
        ]
      ],
      "dist": [
        [
          63.711680646140444,
          -26.177415290327982,
          -6.0906465700934715,
          -7.488750048838128,
          3.5904910327492434
        ]
      ]
    },
    "cam3": {
      "model": "standard",
      "image_size": [
        850,
        642
      ],
      "K": [
        [
          83.18046413910318,
          0.0,
          645.0209622194169
        ],
        [
          0.0,
          79.86186146087812,
          425.3629228438871
        ],
        [
          0.0,
          0.0,
          1.0
        ]
      ],
      "dist": [
        [
          -0.004448264775871933,
          2.7226856610801623e-05,
          0.003529280840129124,
          0.003844522479951818,
          -6.098065739791404e-08
        ]
      ]
    }
  },
  "camera_poses": {
    "cam1": {
      "R": [
        [
          1.0,
          -1.3407188293269406e-33,
          0.0
        ],
        [
          2.7351831066708938e-33,
          1.0,
          0.0
        ],
        [
          0.0,
          0.0,
          1.0
        ]
      ],
      "T": [
        0.0,
        0.0,
        0.0
      ]
    },
    "cam2_to_cam1": {
      "R": [
        [
          0.8345246764033238,
          -0.3546813622703094,
          -0.4216274371195566
        ],
        [
          -0.44734898017798636,
          -0.8828979408832932,
          -0.14272391501692022
        ],
        [
          -0.32163248344600337,
          0.3077212330050025,
          -0.8954664641125527
        ]
      ],
      "T": [
        1.1736348927235256,
        2.5049135134650062,
        0.15811912922461152
      ]
    },
    "cam3_to_cam1": {
      "R": [
        [
          0.9784744468762554,
          -0.15102783613964793,
          0.14063552012625347
        ],
        [
          -0.11957725894055847,
          -0.9703428918479649,
          -0.21008558109587624
        ],
        [
          0.16819344801290217,
          0.188746562753087,
          -0.967515219050546
        ]
      ],
      "T": [
        0.01968351170690055,
        2.3661563498485947,
        0.3103783865390082
      ]
    }
  },
  "image_sets": {
    "rgb": [
      {
        "cam1": "./cam1/image.png",
        "cam2": "./cam2/image.png",
        "cam3": "./cam3/image.png"
      }
    ]
  }
}