{
  "cameras": {
    "cam1": {
      "model": "standard",
      "image_size": [
        1800,
        750
      ],
      "K": [
        [
          9617.662978960767,
          0.0,
          1734.5326732837905
        ],
        [
          0.0,
          43173.037060810864,
          -2077.417672210567
        ],
        [
          0.0,
          0.0,
          1.0
        ]
      ],
      "dist": [
        [
          0.18912218707382977,
          0.12723395277570276,
          0.026863519549610654,
          -0.432233282991201,
          -0.018792430445168307
        ]
      ]
    },
    "cam2": {
      "model": "standard",
      "image_size": [
        1800,
        750
      ],
      "K": [
        [
          -2168.973288107247,
          0.0,
          1412.924070270838
        ],
        [
          0.0,
          1571.0001656025136,
          -9241.302781119715
        ],
        [
          0.0,
          0.0,
          1.0
        ]
      ],
      "dist": [
        [
          -2.4635200812787996,
          0.38176421452601117,
          1.4209052498471229,
          0.04750728580950877,
          -0.02566652336292086
        ]
      ]
    },
    "cam3": {
      "model": "standard",
      "image_size": [
        1800,
        750
      ],
      "K": [
        [
          4182.309042259188,
          0.0,
          2007.9900975995874
        ],
        [
          0.0,
          23155.154796369985,
          1421.0385986538258
        ],
        [
          0.0,
          0.0,
          1.0
        ]
      ],
      "dist": [
        [
          0.9582554145200635,
          0.49380017851449665,
          -0.008688385979487229,
          -0.8967028401993778,
          -0.1445103492401927
        ]
      ]
    }
  },
  "camera_poses": {
    "cam1": {
      "R": [
        [
          1.0,
          -1.2620499765711068e-33,
          -1.5215292124335277e-35
        ],
        [
          -4.151081305334048e-33,
          1.0,
          -2.114109620821639e-34
        ],
        [
          9.87493546974071e-33,
          6.050966841084674e-33,
          1.0
        ]
      ],
      "T": [
        1.3513894114267868e-50,
        0.0,
        0.0
      ]
    },
    "cam2_to_cam1": {
      "R": [
        [
          0.9331497151183066,
          -0.042510847339603156,
          -0.35696559642785314
        ],
        [
          0.3194719664352279,
          0.5533641477351466,
          0.7692371433201622
        ],
        [
          0.16483104027043136,
          -0.8318539221881591,
          0.5299526208101473
        ]
      ],
      "T": [
        -1.0508214819372768,
        0.186120651397528,
        0.06106916758350702
      ]
    },
    "cam3_to_cam1": {
      "R": [
        [
          0.9859755865964912,
          0.02303291058043579,
          -0.16529255175566476
        ],
        [
          -0.08938997892854665,
          0.9092620794399423,
          -0.40651187259378535
        ],
        [
          0.14093109771395196,
          0.41558627975758006,
          0.8985691235371908
        ]
      ],
      "T": [
        0.8958719149144837,
        3.4918080694053284,
        0.580609175287772
      ]
    }
  },
  "image_sets": {
    "rgb": [
      {
        "cam1": "./cam1/image1.png",
        "cam2": "./cam2/image1.png",
        "cam3": "./cam3/image1.png"
      },
      {
        "cam1": "./cam1/image.png",
        "cam2": "./cam2/image.png",
        "cam3": "./cam3/image.png"
      }
    ]
  }
}