{
  "cameras": {
    "cam1": {
      "model": "standard",
      "image_size": [
        2880,
        1610
      ],
      "K": [
        [
          3526.238649451034,
          0.0,
          2571.9345291886248
        ],
        [
          0.0,
          22930.17115487987,
          7358.778328880317
        ],
        [
          0.0,
          0.0,
          1.0
        ]
      ],
      "dist": [
        [
          1.364527648012698,
          3.242608803293204,
          -0.41476032475766067,
          0.5907463882559887,
          -3.7214781620186748
        ]
      ]
    },
    "cam2": {
      "model": "standard",
      "image_size": [
        2188,
        1590
      ],
      "K": [
        [
          3662.3397141508326,
          0.0,
          157.2196671963268
        ],
        [
          0.0,
          160214.7604102614,
          -13171.321429254085
        ],
        [
          0.0,
          0.0,
          1.0
        ]
      ],
      "dist": [
        [
          0.3955747903829971,
          22.613118230211054,
          -0.9733575638655104,
          0.005922188068735662,
          -60.1375366225037
        ]
      ]
    },
    "cam3": {
      "model": "standard",
      "image_size": [
        2880,
        1606
      ],
      "K": [
        [
          612.7812469659273,
          0.0,
          2114.756636653719
        ],
        [
          0.0,
          1718.0334787994939,
          4986.571857280371
        ],
        [
          0.0,
          0.0,
          1.0
        ]
      ],
      "dist": [
        [
          0.15023476919345627,
          0.3426737306186599,
          -0.26980325813863637,
          0.2362488590918959,
          -0.06729181322056725
        ]
      ]
    }
  },
  "camera_poses": {
    "cam1": {
      "R": [
        [
          1.0,
          -1.046656106802787e-34,
          -6.6696549621603275e-34
        ],
        [
          -4.942845957022704e-33,
          1.0,
          -2.0083162481107644e-33
        ],
        [
          -3.788604264191079e-33,
          1.5798101782135029e-34,
          1.0
        ]
      ],
      "T": [
        0.0,
        0.0,
        0.0
      ]
    },
    "cam2_to_cam1": {
      "R": [
        [
          0.8867266791285561,
          0.03961431403905425,
          0.46059364155930177
        ],
        [
          0.0059048027886512925,
          0.9952699753019055,
          -0.09696808529909094
        ],
        [
          -0.4622563464417446,
          0.08870390287783186,
          0.8822985253238104
        ]
      ],
      "T": [
        0.7431467205379767,
        1.4349783343143763,
        -1.3521322296849685
      ]
    },
    "cam3_to_cam1": {
      "R": [
        [
          0.9598146844440542,
          -0.2556294340838555,
          -0.11579880809200423
        ],
        [
          0.13121229366270887,
          0.7735323719728033,
          -0.6200250023199871
        ],
        [
          0.24807076715593085,
          0.5799148747360224,
          0.77598945388618
        ]
      ],
      "T": [
        0.15514198023915446,
        1.0465865945234074,
        -0.11765822700998964
      ]
    }
  },
  "image_sets": {
    "rgb": [
      {
        "cam1": "./cam1/image.png",
        "cam2": "./cam2/image.png",
        "cam3": "./cam3/image.png"
      }
    ]
  }
}